{"stats":{"minecraft:picked_up":{"minecraft:rotten_flesh":2},"minecraft:killed":{"minecraft:zombie":1},"minecraft:used":{"magistuarmory:rusted_bastardsword":4,"minecraft:dirt":1},"minecraft:killed_by":{"minecraft:zombie":3},"minecraft:mined":{"minecraft:grass_block":1},"minecraft:custom":{"minecraft:jump":14,"minecraft:time_since_rest":784,"minecraft:leave_game":1,"minecraft:damage_dealt":186,"tombstone:undead_killed":1,"minecraft:deaths":3,"minecraft:play_time":2702,"minecraft:damage_taken":648,"minecraft:time_since_death":742,"minecraft:walk_one_cm":7469,"minecraft:total_world_time":2702,"minecraft:mob_kills":1,"minecraft:fly_one_cm":327}},"DataVersion":2975}